,Parametric,Historical,Monte Carlo (Normal),Monte Carlo (Student-t)
95%_1d,25120.20275194267,24644.05116652138,25315.773720952337,22045.194289845836
95%_10d,72418.03653427705,71159.20511991737,70893.99773872757,68075.65830452763
99%_1d,35953.286576480015,44025.211221942496,36053.07477120017,41390.22783932991
99%_10d,106675.25550334295,111685.79698390655,102719.41330198366,108896.12322544333
